feedback,treatment,payoff,study_duration
Great,bonus,5.95,162.39894771575928
Fantastic,penalty,3.46,59.044670820236206
,bonus,2.78,60.96660876274109
,penalty,4.02,90.14022493362427
,bonus,2.0,34.22589898109436
faaantastic! ,penalty,2.0,53.16380500793457
